Student_ID,Name,Age,City,Study_Hours,Attendance_Percent,Math_Score,Python_Score,Passed
1001,Aarav,18,Delhi,3.5,85,78,82,Yes
1002,Diya,19,Mumbai,5.0,92,91,95,Yes
1003,Kabir,18,Delhi,2.0,68,62,55,No
1004,Ananya,18,Pune,4.5,88,85,88,Yes
1005,Rohan,20,Jaipur,6.0,95,94,92,Yes
1006,Meera,19,Delhi,3.0,76,71,74,Yes
1007,Arjun,18,Mumbai,7.0,98,96,98,Yes
1008,Ishita,19,Delhi,4.0,90,88,91,Yes
1009,Vivaan,18,Pune,2.5,72,65,61,No
1010,Sara,20,Jaipur,5.5,94,90,93,Yes
1011,Aditya,19,Delhi,6.5,96,93,96,Yes
1012,Kiara,18,Mumbai,3.5,82,75,79,Yes
1013,Rahul,20,Pune,4.0,87,82,85,Yes
1014,Nisha,19,Delhi,2.0,65,58,52,No
1015,Dev,18,Jaipur,5.0,91,89,90,Yes
1016,Tanya,19,Mumbai,6.0,89,86,87,Yes
1017,Kunal,20,Delhi,3.0,78,73,70,Yes
1018,Riya,18,Pune,4.5,84,80,83,Yes
1019,Yash,19,Jaipur,7.5,97,97,99,Yes
1020,Neha,18,Delhi,2.5,70,64,59,No
